,full_name,age,birthday_GMT,position,Current Club,minutes_played_overall,minutes_played_home,minutes_played_away,nationality,appearances_overall,appearances_home,appearances_away,goals_overall,goals_home,goals_away,assists_overall,assists_home,assists_away,penalty_goals,penalty_misses,clean_sheets_overall,clean_sheets_home,clean_sheets_away,conceded_overall,conceded_home,conceded_away,yellow_cards_overall,red_cards_overall,goals_involved_per_90_overall,assists_per_90_overall,goals_per_90_overall,goals_per_90_home,goals_per_90_away,min_per_goal_overall,conceded_per_90_overall,min_per_conceded_overall,min_per_match,min_per_card_overall,min_per_assist_overall,cards_per_90_overall,rank_in_club_top_scorer
2,Aaron Lennon,35,4/16/1987,Midfielder,Burnley,1217,487,730,England,16,7,9,1,1,0,1,1,0,0,0,4,2,2,20,8,12,1,0,0.15,0.07,0.07,0.18,0,1217,1.48,61,76,1217,1217,0.07,10
3,Aaron Mooy,32,9/15/1990,Midfielder,Huddersfield Town,2327,1190,1137,Australia,29,15,14,3,1,2,1,0,1,1,0,4,3,1,46,20,26,4,0,0.15,0.04,0.12,0.08,0.16,776,1.78,51,80,582,2327,0.15,3
4,Aaron Ramsey,31,12/26/1990,Midfielder,Arsenal,1327,689,638,Wales,28,14,14,4,2,2,6,5,1,0,0,7,6,1,12,2,10,0,0,0.68,0.41,0.27,0.26,0.28,332,0.81,111,47,0,221,0,5
8,Abdoulaye Doucoure,29,1/1/1993,Midfielder,Watford,3062,1566,1496,France,35,18,17,5,3,2,6,2,4,0,0,5,3,2,54,27,27,7,0,0.32,0.18,0.15,0.17,0.12,612,1.59,57,87,437,510,0.21,5
9,Aboubakar Kamara,27,3/7/1995,Forward,Fulham,687,468,219,France,13,8,5,3,1,2,0,0,0,1,1,2,1,1,16,9,7,2,0,0.39,0,0.39,0.19,0.82,229,2.1,43,53,344,0,0.26,4
12,Adam Smith,31,4/29/1991,Defender,AFC Bournemouth,2073,1051,1022,England,25,12,13,1,1,0,1,0,1,0,0,9,5,4,30,10,20,6,1,0.09,0.04,0.04,0.09,0,2073,1.3,69,83,296,2073,0.3,10
14,Adama Traore,26,1/25/1996,Midfielder,Wolverhampton Wanderers,890,315,575,Spain,29,12,17,1,0,1,1,1,0,0,0,6,4,2,11,2,9,1,0,0.2,0.1,0.1,0,0.16,890,1.11,81,31,890,890,0.1,13
18,Ainsley Maitland-Niles,25,8/29/1997,Midfielder,Arsenal,985,462,523,England,16,7,9,1,0,1,1,0,1,0,0,4,3,1,16,5,11,3,1,0.18,0.09,0.09,0,0.17,985,1.46,62,62,328,985,0.27,15
20,Aleksandar Mitrovic,28,9/16/1994,Forward,Fulham,3282,1616,1666,Serbia,37,18,19,11,8,3,3,2,1,1,0,5,3,2,74,31,43,7,0,0.38,0.08,0.3,0.45,0.16,298,2.03,44,89,469,1094,0.19,1
21,Alex Iwobi,26,5/3/1996,Forward,Arsenal,1972,742,1230,Nigeria,35,18,17,3,1,2,6,3,3,0,0,8,7,1,31,8,23,0,0,0.41,0.27,0.14,0.12,0.15,657,1.41,64,56,0,329,0,8
24,Alex Pritchard,29,5/3/1993,Midfielder,Huddersfield Town,2092,992,1100,England,30,14,16,2,1,1,0,0,0,0,0,4,2,2,39,16,23,2,0,0.09,0,0.09,0.09,0.08,1046,1.68,54,70,1046,0,0.09,5
26,Alexandre Lacazette,31,5/28/1991,Forward,Arsenal,2503,1403,1100,France,35,19,16,13,9,4,8,4,4,0,0,7,7,0,28,10,18,2,0,0.76,0.29,0.47,0.58,0.33,193,1.01,89,72,1252,313,0.07,2
28,Alexis Sanchez,33,12/19/1988,Forward,Manchester United,877,387,490,Chile,20,10,10,1,1,0,3,0,3,0,0,6,2,4,8,4,4,3,0,0.41,0.31,0.1,0.23,0,877,0.82,110,44,292,292,0.31,10
32,Alvaro Morata,30,10/23/1992,Forward,Chelsea,943,530,413,Spain,16,8,8,5,3,2,0,0,0,0,0,9,4,5,11,6,5,3,0,0.48,0,0.48,0.51,0.44,189,1.05,86,59,314,0,0.29,4
33,Ander Herrera,33,8/14/1989,Midfielder,Manchester United,1404,617,787,Spain,22,10,12,2,0,2,3,3,0,0,0,6,1,5,17,9,8,4,0,0.32,0.19,0.13,0,0.23,702,1.09,83,64,351,468,0.26,7
34,Andre Gomes,29,7/30/1993,Midfielder,Everton,1986,972,1014,Portugal,27,13,14,1,1,0,1,1,0,0,0,10,6,4,27,13,14,7,0,0.09,0.05,0.05,0.09,0,1986,1.22,74,74,284,1986,0.32,11
35,Andre Gray,31,6/26/1991,Forward,Watford,1358,809,549,England,29,15,14,7,5,2,2,2,0,0,0,5,3,2,23,16,7,2,0,0.6,0.13,0.46,0.56,0.33,194,1.52,59,47,679,679,0.13,3
36,Andre Scherrle,31,11/6/1990,Midfielder,Fulham,1650,829,821,Germany,24,12,12,6,3,3,0,0,0,0,0,1,0,1,42,20,22,2,0,0.33,0,0.33,0.33,0.33,275,2.29,39,69,825,0,0.11,2
39,Andreas Pereira,26,1/1/1996,Midfielder,Manchester United,595,521,74,Brazil,15,10,5,1,1,0,1,1,0,0,0,1,1,0,10,7,3,5,0,0.3,0.15,0.15,0.17,0,595,1.51,60,40,119,595,0.76,16
42,Andriy Yarmolenko,33,10/23/1989,Forward,West Ham United,459,269,190,Ukraine,9,5,4,2,0,2,0,0,0,0,0,1,1,0,4,1,3,2,0,0.39,0,0.39,0,0.95,230,0.78,115,51,230,0,0.39,7
43,Andros Townsend,31,7/16/1991,Midfielder,Crystal Palace,3018,1571,1447,England,38,19,19,6,2,4,4,2,2,0,0,12,7,5,44,20,24,1,0,0.3,0.12,0.18,0.11,0.25,503,1.31,69,79,3018,755,0.03,3
46,Angelo Ogbonna,34,5/23/1988,Defender,West Ham United,1870,956,914,Italy,24,12,12,1,1,0,1,1,0,0,0,3,2,1,32,13,19,2,0,0.1,0.05,0.05,0.09,0,1870,1.54,58,78,935,1870,0.1,13
48,Anthony Knockaert,30,11/20/1991,Midfielder,Brighton & Hove Albion,1832,982,850,France,30,16,14,2,1,1,6,5,1,0,0,3,3,0,36,17,19,5,1,0.39,0.29,0.1,0.09,0.11,916,1.77,51,61,305,305,0.29,6
49,Anthony Martial,26,12/5/1995,Forward,Manchester United,1623,743,880,France,27,11,16,10,4,6,2,1,1,1,0,5,1,4,25,8,17,2,0,0.67,0.11,0.55,0.48,0.61,162,1.39,65,60,812,812,0.11,4
51,Antonio Rudiger,29,3/3/1993,Defender,Chelsea,2874,1350,1524,Germany,33,15,18,1,1,0,0,0,0,0,0,12,7,5,34,10,24,7,0,0.03,0,0.03,0.07,0,2874,1.06,85,87,411,0,0.22,13
53,Aron Einar Gunnarsson,33,4/22/1989,Midfielder,Cardiff City,2274,1240,1034,Iceland,28,14,14,1,1,0,1,1,0,0,0,8,4,4,37,20,17,5,0,0.08,0.04,0.04,0.07,0,2274,1.46,61,81,455,2274,0.2,9
56,Ashley Barnes,32,10/30/1989,Forward,Burnley,2400,1307,1093,England,37,19,18,12,6,6,2,1,1,2,0,8,5,3,34,16,18,8,0,0.53,0.08,0.45,0.41,0.49,200,1.28,71,65,300,1200,0.3,1
57,Ashley Westwood,32,4/1/1990,Midfielder,Burnley,2822,1530,1292,England,34,18,16,2,0,2,7,2,5,0,0,7,5,2,44,22,22,5,0,0.29,0.22,0.06,0,0.14,1411,1.4,64,83,564,403,0.16,8
58,Ashley Young,37,7/9/1985,Midfielder,Manchester United,2568,1207,1361,England,30,14,16,2,1,1,2,2,0,0,0,4,2,2,41,16,25,10,1,0.14,0.07,0.07,0.07,0.07,1284,1.44,63,86,257,1284,0.35,9
60,Aymeric Laporte,28,5/27/1994,Defender,Manchester City,3057,1526,1531,France,35,17,18,3,0,3,3,3,0,0,0,18,8,10,21,11,10,3,0,0.18,0.09,0.09,0,0.18,1019,0.62,146,87,1019,1019,0.09,9
61,Ayoze Perez,29,7/29/1993,Forward,Newcastle United,2929,1526,1403,Spain,37,19,18,12,9,3,2,1,1,0,0,11,5,6,34,21,13,2,0,0.43,0.06,0.37,0.53,0.19,244,1.04,86,79,1465,1465,0.06,1
66,Ben Gibson,29,1/15/1993,Defender,Burnley,63,63,0,England,1,1,0,1,1,0,0,0,0,0,0,0,0,0,3,3,0,1,0,1.43,0,1.43,1.43,0,63,4.29,21,63,63,0,1.43,9
72,Beram Kayal,34,5/2/1988,Midfielder,Brighton & Hove Albion,934,494,440,Israel,18,9,9,1,0,1,1,1,0,0,0,5,3,2,15,8,7,4,0,0.19,0.1,0.1,0,0.2,934,1.45,62,52,234,934,0.39,8
73,Bernard Anicio Caldeira Duarte,30,9/8/1992,Midfielder,Everton,2128,960,1168,Brazil,34,16,18,1,0,1,3,1,2,0,0,14,9,5,19,5,14,5,0,0.17,0.13,0.04,0,0.08,2128,0.8,112,63,426,709,0.21,12
75,Bernardo Silva,28,8/10/1994,Midfielder,Manchester City,2853,1470,1383,Portugal,36,18,18,7,2,5,7,4,3,0,0,18,8,10,22,11,11,3,0,0.44,0.22,0.22,0.12,0.33,408,0.69,130,79,951,408,0.09,5
77,Bobby Reid,29,2/2/1993,Midfielder,Cardiff City,1422,725,697,England,27,11,16,5,4,1,2,1,1,1,0,6,2,4,27,19,8,0,0,0.44,0.13,0.32,0.5,0.13,284,1.71,53,53,0,711,0,2
82,Callum Paterson,28,10/13/1994,Defender,Cardiff City,1996,1024,972,Scotland,27,14,13,4,3,1,1,0,1,0,0,7,5,2,37,18,19,4,0,0.23,0.05,0.18,0.26,0.09,499,1.67,54,74,499,1996,0.18,3
84,Callum Wilson,30,2/27/1992,Forward,AFC Bournemouth,2535,1324,1211,England,30,15,15,14,5,9,9,4,5,1,1,9,5,4,44,17,27,3,0,0.82,0.32,0.5,0.34,0.67,181,1.56,58,85,845,282,0.11,1
85,Calum Chambers,27,1/20/1995,Defender,Fulham,2587,1458,1129,England,31,17,14,2,2,0,0,0,0,0,0,5,3,2,49,24,25,9,0,0.07,0,0.07,0.12,0,1294,1.7,53,83,287,0,0.31,5
88,Cedric Soares,31,8/31/1991,Defender,Southampton,1494,651,843,Portugal,18,8,10,1,1,0,2,0,2,0,0,5,2,3,26,7,19,4,0,0.18,0.12,0.06,0.14,0,1494,1.57,57,83,374,747,0.24,15
89,Cenk Tosun,31,6/7/1991,Forward,Everton,1050,536,514,Turkey,25,13,12,3,2,1,3,1,2,0,0,7,4,3,16,9,7,3,0,0.51,0.26,0.26,0.34,0.18,350,1.37,66,42,350,350,0.26,6
90,Cesar Azpilicueta,33,8/28/1989,Defender,Chelsea,3403,1693,1710,Spain,38,19,19,1,0,1,5,3,2,0,0,16,10,6,38,12,26,4,0,0.16,0.13,0.03,0,0.05,3403,1,90,90,851,681,0.11,14
92,Charlie Austin,33,7/5/1989,Forward,Southampton,980,454,526,England,25,13,12,2,1,1,2,1,1,0,1,6,3,3,14,6,8,1,0,0.37,0.18,0.18,0.2,0.17,490,1.29,70,39,980,490,0.09,8
93,Charlie Daniels,36,9/7/1986,Defender,AFC Bournemouth,1583,803,780,England,21,11,10,1,1,0,0,0,0,0,0,6,4,2,32,14,18,4,0,0.06,0,0.06,0.11,0,1583,1.82,49,75,396,0,0.23,12
98,Chris Smalling,32,11/22/1989,Defender,Manchester United,2128,1138,990,England,24,13,11,1,0,1,0,0,0,0,0,4,2,2,34,16,18,1,0,0.04,0,0.04,0,0.09,2128,1.44,63,89,2128,0,0.04,15
99,Chris Wood,30,12/7/1991,Forward,Burnley,2582,1330,1252,New Zealand,38,19,19,10,4,6,2,0,2,0,0,8,5,3,43,21,22,2,0,0.42,0.07,0.35,0.27,0.43,258,1.5,60,68,1291,1291,0.07,2
100,Christian Atsu Twasam,30,1/10/1992,Midfielder,Newcastle United,1487,710,777,Ghana,28,13,15,1,1,0,0,0,0,0,0,8,3,5,16,10,6,2,0,0.06,0,0.06,0.13,0,1487,0.97,93,53,744,0,0.12,7
101,Christian Benteke,31,12/3/1990,Forward,Crystal Palace,813,526,287,Belgium,16,10,6,1,0,1,1,0,1,0,0,5,3,2,10,6,4,1,0,0.22,0.11,0.11,0,0.31,813,1.11,81,51,813,813,0.11,10
102,Christian Eriksen,30,2/14/1992,Midfielder,Tottenham Hotspur,2772,1457,1315,Denmark,35,18,17,8,6,2,12,8,4,0,0,10,6,4,34,14,20,3,0,0.65,0.39,0.26,0.37,0.14,347,1.1,82,79,924,231,0.1,4
105,Christopher Schindler,32,4/29/1990,Defender,Huddersfield Town,3262,1642,1620,Germany,37,19,18,1,0,1,0,0,0,0,0,5,3,2,69,30,39,6,1,0.03,0,0.03,0,0.06,3262,1.9,47,88,544,0,0.17,9
106,Ciaran Clark,33,9/26/1989,Defender,Newcastle United,857,416,441,Republic of Ireland,11,6,5,3,1,2,0,0,0,0,0,2,0,2,14,9,5,1,0,0.32,0,0.32,0.22,0.41,286,1.47,61,78,857,0,0.11,4
110,Craig Cathcart,33,2/6/1989,Defender,Watford,3099,1561,1538,Northern Ireland,36,18,18,3,1,2,0,0,0,0,0,6,3,3,52,28,24,2,0,0.09,0,0.09,0.06,0.12,1033,1.51,60,86,1550,0,0.06,6
112,Dale Stephens,33,6/12/1989,Midfielder,Brighton & Hove Albion,2487,1191,1296,England,30,14,16,1,0,1,1,0,1,0,0,5,3,2,43,18,25,7,1,0.07,0.04,0.04,0,0.07,2487,1.56,58,83,311,2487,0.29,9
113,Dan Gosling,32,2/1/1990,Midfielder,AFC Bournemouth,1737,911,826,England,25,13,12,2,0,2,1,0,1,0,0,7,4,3,31,14,17,8,0,0.16,0.05,0.1,0,0.22,869,1.61,56,69,217,1737,0.41,8
115,Daniel Sturridge,33,9/1/1989,Forward,Liverpool,496,152,344,England,18,9,9,2,1,1,1,1,0,0,0,10,7,3,3,0,3,1,0,0.54,0.18,0.36,0.59,0.26,248,0.54,165,28,496,496,0.18,10
117,Danilo,31,7/15/1991,Defender,Manchester City,806,450,356,Brazil,11,5,6,1,0,1,0,0,0,0,0,5,3,2,7,2,5,1,0,0.11,0,0.11,0,0.25,806,0.78,115,73,806,0,0.11,13
118,Danny Ings,30,7/23/1992,Forward,Southampton,1668,922,746,England,24,13,11,7,3,4,3,3,0,3,0,6,2,4,26,13,13,1,0,0.54,0.16,0.38,0.29,0.48,238,1.4,64,70,1668,556,0.05,2
121,Danny Ward,31,12/9/1990,Forward,Cardiff City,440,246,194,England,14,6,8,1,1,0,0,0,0,0,0,2,0,2,11,8,3,0,0,0.2,0,0.2,0.37,0,440,2.25,40,31,0,0,0,10
122,Danny Welbeck,31,11/26/1990,Forward,Arsenal,147,47,100,England,8,4,4,1,1,0,1,0,1,0,0,2,2,0,2,0,2,0,0,1.22,0.61,0.61,1.91,0,147,1.22,74,18,0,147,0,13
124,David Brooks,25,7/8/1997,Forward,AFC Bournemouth,2278,1289,989,England,30,17,13,7,4,3,5,3,2,0,0,9,5,4,39,17,22,3,0,0.47,0.2,0.28,0.28,0.27,325,1.54,58,76,759,456,0.12,4
127,David Junior Hoilett,32,6/5/1990,Forward,Cardiff City,2142,1008,1134,Canada,32,17,15,3,2,1,1,0,1,0,0,9,5,4,42,20,22,4,0,0.17,0.04,0.13,0.18,0.08,714,1.76,51,67,536,2142,0.17,7
128,David Luiz,35,4/22/1987,Defender,Chelsea,3239,1709,1530,Brazil,36,19,17,3,3,0,2,1,1,0,0,16,10,6,35,12,23,3,0,0.14,0.06,0.08,0.16,0,1080,0.97,93,90,1080,1620,0.08,9
129,David Silva,36,1/8/1986,Midfielder,Manchester City,2411,1088,1323,Spain,33,16,17,6,4,2,8,3,5,0,0,17,8,9,14,7,7,3,0,0.52,0.3,0.22,0.33,0.14,402,0.52,172,73,804,301,0.11,7
131,Davinson Sanchez,26,6/12/1996,Defender,Tottenham Hotspur,1943,873,1070,Colombia,23,10,13,1,1,0,1,0,1,0,0,6,3,3,21,9,12,2,0,0.09,0.05,0.05,0.1,0,1943,0.97,93,84,972,1943,0.09,13
132,Davy Propper,31,9/2/1991,Midfielder,Brighton & Hove Albion,2551,1371,1180,Netherlands,30,16,14,1,0,1,1,0,1,0,0,5,4,1,44,19,25,2,0,0.07,0.04,0.04,0,0.08,2551,1.55,58,85,1276,2551,0.07,10
133,DeAndre Yedlin,29,7/9/1993,Defender,Newcastle United,2475,1313,1162,USA,29,16,13,1,0,1,2,1,1,0,0,6,4,2,37,19,18,7,1,0.11,0.07,0.04,0,0.08,2475,1.35,67,85,309,1238,0.29,13
134,Declan Rice,23,1/14/1999,Midfielder,West Ham United,3005,1440,1565,Republic of Ireland,34,16,18,2,2,0,0,0,0,0,0,6,3,3,42,21,21,4,0,0.06,0,0.06,0.13,0,1503,1.26,72,88,751,0,0.12,9
135,Dejan Lovren,33,7/5/1989,Defender,Liverpool,985,540,445,Croatia,13,7,6,1,1,0,0,0,0,0,0,6,3,3,7,3,4,1,0,0.09,0,0.09,0.17,0,985,0.64,141,76,985,0,0.09,12
136,Dele Alli,26,4/11/1996,Midfielder,Tottenham Hotspur,1827,755,1072,England,25,11,14,5,1,4,3,2,1,0,0,7,3,4,17,4,13,4,0,0.39,0.15,0.25,0.12,0.34,365,0.84,107,73,457,609,0.2,5
137,Demarai Gray,26,6/28/1996,Midfielder,Leicester City,1992,1069,923,England,34,17,17,4,1,3,1,1,0,0,0,8,5,3,26,10,16,2,0,0.23,0.05,0.18,0.08,0.29,498,1.17,77,59,996,1992,0.09,3
143,Diogo Jose Teixeira da Silva,25,12/4/1996,Midfielder,Wolverhampton Wanderers,2371,1210,1161,Portugal,33,16,17,9,7,2,5,3,2,0,0,9,7,2,29,11,18,11,0,0.53,0.19,0.34,0.52,0.16,263,1.1,82,72,216,474,0.42,2
144,Divock Origi,27,4/18/1995,Forward,Liverpool,366,176,190,Belgium,12,5,7,3,2,1,1,0,1,0,0,7,4,3,2,0,2,0,0,0.98,0.25,0.74,1.02,0.47,122,0.49,183,31,0,366,0,7
145,Domingos Quina,22,11/18/1999,Midfielder,Watford,335,217,118,Portugal,8,5,3,1,1,0,0,0,0,0,0,1,0,1,5,3,2,0,0,0.27,0,0.27,0.41,0,335,1.34,67,42,0,0,0,13
146,Dominic Calvert-Lewin,25,3/16/1997,Forward,Everton,1774,1023,751,England,35,18,17,6,3,3,2,2,0,0,0,13,8,5,24,12,12,3,0,0.41,0.1,0.3,0.26,0.36,296,1.22,74,51,591,887,0.15,3
148,Dwight McNeil,22,11/22/1999,Forward,Burnley,1599,941,658,England,21,12,9,3,3,0,5,3,2,0,0,4,3,1,22,12,10,2,0,0.45,0.28,0.17,0.29,0,533,1.24,73,76,800,320,0.11,7
149,Eden Hazard,31,1/7/1991,Midfielder,Chelsea,2926,1527,1399,Belgium,37,19,18,16,11,5,15,10,5,4,0,15,10,5,34,9,25,2,0,0.95,0.46,0.49,0.65,0.32,183,1.05,86,79,1463,195,0.06,1
151,Edward Nketiah,23,5/30/1999,Forward,Arsenal,62,4,58,England,5,1,4,1,0,1,0,0,0,0,0,1,1,0,2,0,2,0,0,1.45,0,1.45,0,1.55,62,2.9,31,12,0,0,0,14
156,Eric Dier,28,1/15/1994,Midfielder,Tottenham Hotspur,1510,674,836,England,20,9,11,3,2,1,0,0,0,0,0,6,2,4,16,8,8,4,0,0.18,0,0.18,0.27,0.11,503,0.95,94,76,378,0,0.24,7
158,Erik Lamela,30,3/4/1992,Midfielder,Tottenham Hotspur,971,493,478,Argentina,19,11,8,4,1,3,2,1,1,0,0,5,3,2,11,5,6,2,0,0.56,0.19,0.37,0.18,0.56,243,1.02,88,51,486,486,0.19,6
159,Etienne Capoue,34,7/11/1988,Midfielder,Watford,2947,1518,1429,France,33,17,16,1,0,1,3,2,1,0,0,7,4,3,47,24,23,15,1,0.12,0.09,0.03,0,0.06,2947,1.44,63,89,184,982,0.49,9
160,Fabian Balbuena,31,8/23/1991,Defender,West Ham United,2014,934,1080,Paraguay,23,11,12,1,0,1,0,0,0,0,0,5,2,3,27,13,14,2,0,0.04,0,0.04,0,0.08,2014,1.21,75,88,1007,0,0.09,10
162,Fabian Scher,30,12/20/1991,Defender,Newcastle United,2002,1173,829,Switzerland,24,14,10,4,3,1,1,0,1,0,0,8,5,3,21,14,7,12,0,0.22,0.04,0.18,0.23,0.11,501,0.94,95,83,167,2002,0.54,3
163,Fabinho,29,10/23/1993,Midfielder,Liverpool,2013,1051,962,Brazil,28,14,14,1,1,0,2,1,1,0,0,15,7,8,13,6,7,6,0,0.13,0.09,0.04,0.09,0,2013,0.58,155,72,336,1007,0.27,15
167,Felipe Anderson,29,4/15/1993,Midfielder,West Ham United,3054,1439,1615,Brazil,36,17,19,9,4,5,4,2,2,0,0,6,3,3,43,21,22,3,0,0.38,0.12,0.27,0.25,0.28,339,1.27,71,85,1018,764,0.09,2
168,Fernandinho,37,5/4/1985,Midfielder,Manchester City,2381,1286,1095,Brazil,29,15,14,1,1,0,3,3,0,0,0,16,7,9,15,8,7,5,0,0.15,0.11,0.04,0.07,0,2381,0.57,159,82,476,794,0.19,15
169,Fernando Llorente Torres,37,2/26/1985,Forward,Tottenham Hotspur,683,508,175,Spain,20,11,9,1,1,0,4,4,0,0,0,7,5,2,8,5,3,2,0,0.66,0.53,0.13,0.18,0,683,1.05,85,34,342,171,0.26,8
172,Florin Andone,29,4/11/1993,Forward,Brighton & Hove Albion,874,416,458,Romania,23,12,11,3,2,1,0,0,0,0,0,3,3,0,13,5,8,5,0,0.31,0,0.31,0.43,0.2,291,1.34,67,38,175,0,0.51,3
173,Floyd Ayite,33,12/15/1988,Midfielder,Fulham,465,296,169,Togo,16,7,9,1,0,1,0,0,0,0,0,3,1,2,13,7,6,0,0,0.19,0,0.19,0,0.53,465,2.52,36,29,0,0,0,9
176,Fred,29,3/5/1993,Midfielder,Manchester United,1045,577,468,Brazil,17,9,8,1,1,0,1,0,1,0,0,0,0,0,19,8,11,2,0,0.17,0.09,0.09,0.16,0,1045,1.64,55,61,523,1045,0.17,12
177,Gabriel Jesus,25,4/3/1997,Forward,Manchester City,1019,702,317,Brazil,29,14,15,7,5,2,3,1,2,1,0,16,7,9,11,7,4,1,0,0.88,0.26,0.62,0.64,0.57,146,0.97,93,35,1019,340,0.09,4
182,Georginio Wijnaldum,31,11/11/1990,Midfielder,Liverpool,2735,1413,1322,Netherlands,35,18,17,3,1,2,0,0,0,0,0,21,12,9,15,6,9,3,0,0.1,0,0.1,0.06,0.14,912,0.49,182,78,912,0,0.1,8
183,Gerard Deulofeu,28,3/13/1994,Forward,Watford,2082,949,1133,Spain,30,14,16,10,3,7,5,3,2,0,0,6,3,3,28,11,17,3,0,0.65,0.22,0.43,0.28,0.56,208,1.21,74,69,694,416,0.13,1
184,Glenn Murray,39,9/25/1983,Forward,Brighton & Hove Albion,2513,1383,1130,England,38,19,19,13,8,5,1,1,0,4,0,7,5,2,44,22,22,5,0,0.5,0.04,0.47,0.52,0.4,193,1.58,57,66,503,2513,0.18,1
185,Gonzalo Higuain,34,12/10/1987,Forward,Chelsea,1092,496,596,Argentina,14,6,8,5,4,1,0,0,0,0,0,5,4,1,15,3,12,0,0,0.41,0,0.41,0.73,0.15,218,1.24,73,78,0,0,0,5
187,Granit Xhaka,30,9/27/1992,Midfielder,Arsenal,2502,1317,1185,Switzerland,29,15,14,4,2,2,2,0,2,0,0,7,6,1,35,11,24,10,0,0.22,0.07,0.14,0.14,0.15,626,1.26,71,86,250,1251,0.36,6
189,Gylfi Sigurdsson,33,9/8/1989,Midfielder,Everton,3134,1602,1532,Iceland,38,19,19,13,7,6,6,2,4,2,3,14,9,5,40,19,21,3,0,0.55,0.17,0.37,0.39,0.35,241,1.15,78,82,1045,522,0.09,2
192,Harry Kane,29,7/28/1993,Forward,Tottenham Hotspur,2427,1066,1361,England,28,12,16,17,6,11,4,2,2,4,0,10,4,6,28,10,18,5,0,0.78,0.15,0.63,0.51,0.73,143,1.04,87,87,485,607,0.19,1
193,Harry Maguire,29,3/5/1993,Defender,Leicester City,2599,1350,1249,England,31,15,16,3,0,3,0,0,0,0,0,7,3,4,36,16,20,7,1,0.1,0,0.1,0,0.22,866,1.25,72,84,325,0,0.28,5
194,Harry Winks,26,2/2/1996,Midfielder,Tottenham Hotspur,1591,832,759,England,26,13,13,1,0,1,0,0,0,0,0,10,4,6,16,8,8,4,0,0.06,0,0.06,0,0.12,1591,0.91,99,61,398,0,0.23,9
195,Harvey Barnes,24,12/9/1997,Midfielder,Leicester City,1007,601,406,England,16,9,7,1,0,1,2,2,0,0,0,3,3,0,16,7,9,0,0,0.27,0.18,0.09,0,0.22,1007,1.43,63,63,0,504,0,10
198,Helder Wander Sousa Azevedo Costa,28,1/12/1994,Midfielder,Wolverhampton Wanderers,1345,657,688,Portugal,25,11,14,1,0,1,2,1,1,0,0,5,3,2,18,10,8,3,0,0.2,0.13,0.07,0,0.13,1345,1.2,75,54,448,673,0.2,9
199,Henrikh Mkhitaryan,33,1/21/1989,Midfielder,Arsenal,1643,650,993,Armenia,25,11,14,6,3,3,4,3,1,0,0,4,3,1,25,9,16,1,0,0.55,0.22,0.33,0.42,0.27,274,1.37,66,66,1643,411,0.05,3
200,Heung-Min Son,30,7/8/1992,Forward,Tottenham Hotspur,2048,1161,887,South Korea,31,16,15,12,8,4,6,2,4,0,0,11,7,4,20,8,12,3,1,0.79,0.26,0.53,0.62,0.41,171,0.88,102,66,512,341,0.18,2
204,Ilkay Gundogan,32,10/24/1990,Midfielder,Manchester City,2135,985,1150,Germany,31,15,16,6,4,2,3,0,3,0,0,15,6,9,15,8,7,3,0,0.38,0.13,0.25,0.37,0.16,356,0.63,142,69,712,712,0.13,8
205,Isaac Hayden,27,3/22/1995,Midfielder,Newcastle United,1886,904,982,England,25,11,14,1,0,1,4,4,0,0,0,7,3,4,25,12,13,4,1,0.24,0.19,0.05,0,0.09,1886,1.19,75,75,377,472,0.24,10
206,Isaac Mbenza,26,3/8/1996,Forward,Huddersfield Town,981,589,392,Belgium,22,13,9,1,1,0,1,1,0,0,0,4,2,2,25,15,10,1,0,0.18,0.09,0.09,0.15,0,981,2.29,39,45,981,981,0.09,11
207,Isaac Success,26,1/7/1996,Forward,Watford,1037,461,576,Nigeria,30,15,15,1,1,0,1,0,1,0,0,5,3,2,20,8,12,4,0,0.17,0.09,0.09,0.2,0,1037,1.74,52,35,259,1037,0.35,10
208,Issa Diop,25,1/9/1997,Defender,West Ham United,2970,1530,1440,France,33,17,16,1,1,0,0,0,0,0,0,7,4,3,38,20,18,4,0,0.03,0,0.03,0.06,0,2970,1.15,78,90,743,0,0.12,14
209,Ivan Ricardo Neves Abreu Cavaleiro,29,10/18/1993,Forward,Wolverhampton Wanderers,683,331,352,Portugal,23,13,10,3,2,1,1,0,1,0,0,5,4,1,10,7,3,1,0,0.53,0.13,0.4,0.54,0.26,228,1.32,68,30,683,683,0.13,6
210,Jack Cork,33,6/25/1989,Midfielder,Burnley,3313,1693,1620,England,37,19,18,1,1,0,2,1,1,0,0,8,5,3,54,27,27,6,0,0.08,0.05,0.03,0.05,0,3313,1.47,61,90,552,1657,0.16,11
212,Jack Stephens,28,1/27/1994,Defender,Southampton,1697,816,881,England,24,10,14,1,1,0,0,0,0,0,0,5,2,3,30,11,19,4,0,0.05,0,0.05,0.11,0,1697,1.59,57,71,424,0,0.21,14
216,James Maddison,25,11/23/1996,Midfielder,Leicester City,2850,1535,1315,England,36,18,18,7,3,4,7,4,3,1,1,8,5,3,39,18,21,5,1,0.44,0.22,0.22,0.18,0.27,407,1.23,73,79,570,407,0.16,2
217,James McArthur,35,10/7/1987,Midfielder,Crystal Palace,3071,1506,1565,Scotland,38,19,19,3,1,2,6,1,5,0,0,12,7,5,44,19,25,7,0,0.26,0.18,0.09,0.06,0.12,1024,1.29,70,81,439,512,0.21,7
219,James Milner,36,1/4/1986,Midfielder,Liverpool,1785,646,1139,England,31,12,19,5,0,5,4,2,2,3,0,18,9,9,11,4,7,7,1,0.45,0.2,0.25,0,0.4,357,0.55,162,58,255,446,0.35,5
220,James Tarkowski,29,11/19/1992,Defender,Burnley,3087,1620,1467,England,35,18,17,3,2,1,1,1,0,0,0,7,5,2,52,25,27,8,0,0.12,0.03,0.09,0.11,0.06,1029,1.52,59,88,386,3087,0.23,4
221,James Tomkins,33,3/29/1989,Defender,Crystal Palace,2563,1140,1423,England,29,13,16,1,0,1,1,0,1,0,0,10,5,5,34,12,22,6,0,0.07,0.04,0.04,0,0.06,2563,1.19,75,88,427,2563,0.21,9
222,James Ward-Prowse,27,11/1/1994,Midfielder,Southampton,1942,942,1000,England,26,13,13,7,5,2,0,0,0,1,0,4,2,2,36,15,21,4,0,0.32,0,0.32,0.48,0.18,277,1.67,54,75,486,0,0.19,1
223,Jamie Vardy,35,1/11/1987,Forward,Leicester City,2735,1418,1317,England,34,17,17,18,8,10,4,3,1,4,1,10,6,4,33,13,20,4,1,0.72,0.13,0.59,0.51,0.68,152,1.09,83,80,547,684,0.16,1
225,Jan Vertonghen,35,4/24/1987,Defender,Tottenham Hotspur,1915,884,1031,Belgium,22,10,12,1,0,1,0,0,0,0,0,7,4,3,21,7,14,5,1,0.05,0,0.05,0,0.09,1915,0.99,91,87,383,0,0.23,10
228,Javier Hernandez,34,6/1/1988,Forward,West Ham United,1335,694,641,Mexico,25,13,12,7,5,2,1,0,1,0,0,3,1,2,16,8,8,2,0,0.54,0.07,0.47,0.65,0.28,191,1.08,83,53,668,1335,0.13,3
231,Jean Michael Seri,31,7/19/1991,Midfielder,Fulham,2252,1112,1140,Ivory Coast,32,15,17,1,1,0,2,0,2,0,0,4,2,2,53,23,30,6,0,0.12,0.08,0.04,0.08,0,2252,2.12,42,70,375,1126,0.24,7
232,Jeff Hendrick,30,1/31/1992,Midfielder,Burnley,2069,898,1171,Republic of Ireland,32,15,17,3,1,2,0,0,0,0,0,6,3,3,41,18,23,4,0,0.13,0,0.13,0.1,0.15,690,1.78,50,65,517,0,0.17,6
233,Jefferson Lerma,28,10/25/1994,Midfielder,AFC Bournemouth,2511,1319,1192,Colombia,30,15,15,2,0,2,0,0,0,0,0,8,4,4,45,18,27,12,0,0.07,0,0.07,0,0.15,1256,1.61,56,84,209,0,0.43,6
234,Jeffrey Schlupp,29,12/23/1992,Defender,Crystal Palace,1665,849,816,Ghana,30,14,16,4,1,3,1,1,0,0,0,8,4,4,24,11,13,1,0,0.27,0.05,0.22,0.11,0.33,416,1.3,69,56,1665,1665,0.05,5
236,Jesse Lingard,29,12/15/1992,Midfielder,Manchester United,1668,963,705,England,27,15,12,4,1,3,2,1,1,1,0,6,2,4,25,16,9,3,0,0.32,0.11,0.22,0.09,0.38,417,1.35,67,62,556,834,0.16,5
237,Joao Moutinho,36,9/8/1986,Midfielder,Wolverhampton Wanderers,3040,1532,1508,Portugal,38,19,19,1,0,1,8,5,3,0,0,9,7,2,37,17,20,4,0,0.27,0.24,0.03,0,0.06,3040,1.1,82,80,760,380,0.12,11
244,Joel Matip,31,8/8/1991,Defender,Liverpool,1532,811,721,Cameroon,22,10,12,1,1,0,0,0,0,0,0,11,6,5,9,5,4,3,0,0.06,0,0.06,0.11,0,1532,0.53,170,70,511,0,0.18,11
245,Joel Ward,32,10/29/1989,Defender,Crystal Palace,551,191,360,England,7,3,4,1,1,0,0,0,0,0,0,0,0,0,12,6,6,1,0,0.16,0,0.16,0.47,0,551,1.96,46,79,551,0,0.16,11
246,Johann Berg Gudmundson,32,10/27/1990,Midfielder,Burnley,1748,847,901,Iceland,29,15,14,3,0,3,6,5,1,0,0,6,4,2,31,13,18,2,0,0.46,0.31,0.15,0,0.3,583,1.6,56,60,874,291,0.1,5
249,Jon Gorenc Stankovic,26,1/14/1996,Defender,Huddersfield Town,718,218,500,Slovenia,11,3,8,1,0,1,0,0,0,0,0,2,1,1,19,3,16,2,0,0.13,0,0.13,0,0.18,718,2.38,38,65,359,0,0.25,8
252,Jonjo Shelvey,30,2/27/1992,Midfielder,Newcastle United,944,403,541,England,16,8,8,1,0,1,1,0,1,0,0,5,1,4,11,8,3,1,0,0.19,0.1,0.1,0,0.17,944,1.05,86,59,944,944,0.1,12
254,Jonny,28,3/3/1994,Defender,Wolverhampton Wanderers,2780,1269,1511,Spain,33,16,17,1,1,0,1,1,0,0,0,8,6,2,36,16,20,6,0,0.06,0.03,0.03,0.07,0,2780,1.17,77,84,463,2780,0.19,12
255,Jonny Evans,34,1/3/1988,Defender,Leicester City,1995,1074,921,Northern Ireland,24,12,12,1,1,0,0,0,0,0,0,8,6,2,22,9,13,2,0,0.05,0,0.05,0.08,0,1995,0.99,91,83,998,0,0.09,11
256,Jordan Ayew,31,9/11/1991,Forward,Crystal Palace,1186,616,570,Ghana,20,8,12,1,0,1,2,0,2,0,0,6,3,3,13,7,6,3,0,0.23,0.15,0.08,0,0.16,1186,0.99,91,59,395,593,0.23,12
257,Jordan Henderson,32,6/17/1990,Midfielder,Liverpool,1983,925,1058,England,32,16,16,1,0,1,3,2,1,0,0,19,10,9,11,4,7,3,1,0.18,0.14,0.05,0,0.09,1983,0.5,180,62,661,661,0.14,14
259,Jordon Ibe,26,12/8/1995,Midfielder,AFC Bournemouth,795,334,461,England,19,10,9,1,0,1,1,1,0,0,0,4,4,0,21,3,18,1,0,0.23,0.11,0.11,0,0.2,795,2.38,38,42,795,795,0.11,13
260,Jorginho,30,12/20/1991,Midfielder,Chelsea,3165,1621,1544,Italy,37,19,18,2,0,2,0,0,0,1,0,16,10,6,36,12,24,8,0,0.06,0,0.06,0,0.12,1583,1.02,88,86,396,0,0.23,11
261,Jose Holebas,38,6/27/1984,Defender,Watford,2394,1224,1170,Greece,28,15,13,3,2,1,6,5,1,0,0,5,3,2,38,20,18,13,1,0.34,0.23,0.11,0.15,0.08,798,1.43,63,86,171,399,0.53,7
263,Joselu,32,3/27/1990,Forward,Newcastle United,586,308,278,Spain,16,9,7,2,2,0,0,0,0,0,0,4,2,2,12,8,4,1,0,0.31,0,0.31,0.58,0,293,1.84,49,37,586,0,0.15,5
265,Josh Murphy,27,2/24/1995,Forward,Cardiff City,1825,1123,702,England,29,17,12,3,2,1,2,1,1,0,0,7,4,3,27,20,7,2,0,0.25,0.1,0.15,0.16,0.13,608,1.33,68,63,913,913,0.1,6
266,Joshua King,30,1/15/1992,Forward,AFC Bournemouth,2974,1563,1411,Norway,35,18,17,12,9,3,3,3,0,5,1,9,6,3,54,20,34,3,0,0.45,0.09,0.36,0.52,0.19,248,1.63,55,85,991,991,0.09,2
268,Juan Foyth,24,1/12/1998,Defender,Tottenham Hotspur,930,450,480,Argentina,12,6,6,1,0,1,0,0,0,0,0,4,3,1,10,2,8,4,1,0.1,0,0.1,0,0.19,930,0.97,93,78,186,0,0.48,14
269,Juan Mata,34,4/28/1988,Midfielder,Manchester United,1294,833,461,Spain,22,13,9,3,3,0,2,2,0,0,0,4,2,2,14,6,8,3,0,0.35,0.14,0.21,0.32,0,431,0.97,92,59,431,647,0.21,6
271,Juninho Bacuna,25,8/7/1997,Midfielder,Huddersfield Town,1414,722,692,Netherlands,21,11,10,1,0,1,0,0,0,0,0,2,2,0,36,15,21,4,0,0.06,0,0.06,0,0.13,1414,2.29,39,67,354,0,0.25,7
272,Junior Stanislas,32,11/26/1989,Midfielder,AFC Bournemouth,1027,559,468,England,23,12,11,2,1,1,3,3,0,1,0,7,4,3,24,8,16,1,0,0.44,0.26,0.18,0.16,0.19,514,2.1,43,45,1027,342,0.09,7
273,Jergen Locadia,28,11/7/1993,Forward,Brighton & Hove Albion,1227,590,637,Netherlands,26,14,12,2,2,0,0,0,0,0,0,4,3,1,19,9,10,1,0,0.15,0,0.15,0.31,0,614,1.39,65,47,1227,0,0.07,7
274,Kadeem Harris,29,6/8/1993,Midfielder,Cardiff City,366,133,233,England,13,5,8,1,1,0,0,0,0,0,0,4,1,3,5,1,4,1,0,0.25,0,0.25,0.68,0,366,1.23,73,28,366,0,0.25,11
275,Karlan Ahearne-Grant,24,12/19/1997,Forward,Huddersfield Town,874,331,543,England,13,6,7,4,2,2,0,0,0,0,0,1,1,0,22,7,15,0,0,0.41,0,0.41,0.54,0.33,219,2.27,40,67,0,0,0,1
278,Kelechi Iheanacho,26,10/3/1996,Forward,Leicester City,926,408,518,Nigeria,30,14,16,1,1,0,3,2,1,0,0,6,4,2,11,5,6,2,0,0.39,0.29,0.1,0.22,0,926,1.07,84,31,463,309,0.19,13
279,Ken Sema,29,9/30/1993,Midfielder,Watford,755,301,454,Sweden,17,8,9,1,0,1,2,1,1,0,0,6,4,2,8,3,5,1,0,0.36,0.24,0.12,0,0.2,755,0.95,94,44,755,378,0.12,14
280,Kenneth Dahrup Zohore,28,1/31/1994,Forward,Cardiff City,746,388,358,Denmark,19,11,8,1,0,1,1,0,1,0,0,5,2,3,15,9,6,1,0,0.24,0.12,0.12,0,0.25,746,1.81,50,39,746,746,0.12,12
282,Kevin De Bruyne,31,6/28/1991,Midfielder,Manchester City,974,477,497,Belgium,19,9,10,2,2,0,2,0,2,0,0,12,6,6,3,1,2,2,0,0.37,0.18,0.18,0.38,0,487,0.28,325,51,487,487,0.18,10
286,Kieran Trippier,32,9/19/1990,Defender,Tottenham Hotspur,2278,1188,1090,England,27,14,13,1,1,0,3,0,3,0,0,10,5,5,20,10,10,2,0,0.16,0.12,0.04,0.08,0,2278,0.79,114,84,1139,759,0.08,12
287,Kiko Femena,31,2/2/1991,Midfielder,Watford,2045,1011,1034,Spain,29,14,15,1,1,0,1,1,0,0,0,5,3,2,38,21,17,1,0,0.09,0.04,0.04,0.09,0,2045,1.67,54,71,2045,2045,0.04,12
289,Kurt Zouma,28,10/27/1994,Defender,Everton,2610,1350,1260,France,32,16,16,2,1,1,2,0,2,0,0,11,8,3,37,17,20,5,1,0.14,0.07,0.07,0.07,0.07,1305,1.28,71,82,522,1305,0.17,7
290,Kyle Walker,32,5/28/1990,Defender,Manchester City,2777,1245,1532,England,33,15,18,1,1,0,1,0,1,0,0,18,7,11,17,9,8,3,0,0.06,0.03,0.03,0.07,0,2777,0.55,163,84,926,2777,0.1,14
293,Laurent Koscielny,37,9/10/1985,Defender,Arsenal,1328,484,844,France,17,6,11,3,2,1,0,0,0,0,0,4,3,1,21,5,16,1,0,0.2,0,0.2,0.37,0.11,443,1.42,63,78,1328,0,0.07,7
295,Leander Dendoncker,27,4/15/1995,Midfielder,Wolverhampton Wanderers,1469,635,834,Belgium,19,9,10,2,1,1,0,0,0,0,0,4,4,0,19,6,13,1,0,0.12,0,0.12,0.14,0.11,735,1.16,77,77,1469,0,0.06,8
299,Leon Balogun,34,6/28/1988,Defender,Brighton & Hove Albion,591,309,282,Nigeria,8,4,4,1,1,0,0,0,0,0,0,0,0,0,9,5,4,2,0,0.15,0,0.15,0.29,0,591,1.37,66,74,296,0,0.3,12
301,Leroy Sane,26,1/11/1996,Midfielder,Manchester City,1867,1024,843,Germany,31,16,15,10,5,5,10,6,4,0,0,16,8,8,14,8,6,1,0,0.96,0.48,0.48,0.44,0.53,187,0.67,133,60,1867,187,0.05,3
303,Lewis Dunk,30,11/21/1991,Defender,Brighton & Hove Albion,3153,1550,1603,England,36,18,18,2,0,2,1,0,1,0,0,7,5,2,53,24,29,7,1,0.09,0.03,0.06,0,0.11,1577,1.51,59,88,450,3153,0.2,5
305,Lucas Digne,29,7/20/1993,Defender,Everton,2990,1511,1479,France,35,17,18,4,2,2,4,2,2,0,0,14,9,5,36,16,20,6,1,0.24,0.12,0.12,0.12,0.12,748,1.08,83,85,427,748,0.21,5
306,Lucas Moura,30,8/13/1992,Midfielder,Tottenham Hotspur,2127,1040,1087,Brazil,32,15,17,10,6,4,0,0,0,0,0,12,7,5,16,9,7,3,0,0.42,0,0.42,0.52,0.33,213,0.68,133,66,709,0,0.13,3
307,Lucas Perez,34,9/10/1988,Forward,West Ham United,468,287,181,Spain,15,10,5,3,3,0,0,0,0,0,0,3,2,1,9,5,4,0,0,0.58,0,0.58,0.94,0,156,1.73,52,31,0,0,0,6
308,Lucas Torreira,26,2/11/1996,Midfielder,Arsenal,2377,1231,1146,Uruguay,34,17,17,2,2,0,2,0,2,0,0,6,5,1,35,10,25,8,1,0.15,0.08,0.08,0.15,0,1189,1.33,68,70,264,1189,0.34,10
309,Luciano Vietto,28,12/5/1993,Forward,Fulham,983,549,434,Argentina,20,9,11,1,1,0,4,4,0,0,0,1,1,0,21,11,10,1,0,0.46,0.37,0.09,0.16,0,983,1.92,47,49,983,246,0.09,8
310,Luka Milivojevic,31,4/7/1991,Midfielder,Crystal Palace,3420,1710,1710,Serbia,38,19,19,12,7,5,2,0,2,10,1,12,7,5,47,20,27,10,0,0.37,0.05,0.32,0.37,0.26,285,1.24,73,90,342,1710,0.26,1
313,Luke Shaw,27,7/12/1995,Defender,Manchester United,2592,1170,1422,England,29,13,16,1,1,0,4,2,2,0,0,6,1,5,36,16,20,11,0,0.17,0.14,0.03,0.08,0,2592,1.25,72,89,236,648,0.38,13
314,Lys Mousset,26,2/8/1996,Forward,AFC Bournemouth,345,96,249,France,24,13,11,1,0,1,0,0,0,0,0,5,4,1,13,4,9,1,0,0.26,0,0.26,0,0.36,345,3.39,27,14,345,0,0.26,11
316,Manolo Gabbiadini,30,11/26/1991,Forward,Southampton,470,253,217,Italy,12,6,6,1,1,0,0,0,0,0,0,3,2,1,11,3,8,0,0,0.19,0,0.19,0.36,0,470,2.11,43,39,0,0,0,12
317,Manuel Lanzini,29,2/15/1993,Midfielder,West Ham United,688,367,321,Argentina,10,5,5,1,0,1,1,0,1,0,0,2,2,0,11,5,6,2,0,0.26,0.13,0.13,0,0.28,688,1.44,63,69,344,688,0.26,12
318,Marc Albrighton,32,11/18/1989,Midfielder,Leicester City,1626,797,829,England,27,14,13,2,1,1,2,1,1,0,0,9,5,4,17,8,9,3,0,0.22,0.11,0.11,0.11,0.11,813,0.94,96,60,542,813,0.17,8
320,Marcos Alonso,31,12/28/1990,Defender,Chelsea,2761,1338,1423,Spain,31,15,16,2,1,1,4,3,1,0,0,14,8,6,28,9,19,6,0,0.2,0.13,0.07,0.07,0.06,1381,0.91,99,89,460,690,0.2,10
322,Marcus Rashford,25,10/31/1997,Forward,Manchester United,2362,1293,1069,England,33,17,16,10,4,6,6,3,3,0,0,6,2,4,34,17,17,4,1,0.61,0.23,0.38,0.28,0.51,236,1.3,69,72,472,394,0.19,3
323,Mario Lemina,29,9/1/1993,Midfielder,Southampton,1615,763,852,Gabon,21,9,12,1,0,1,1,0,1,0,0,4,2,2,32,12,20,5,0,0.11,0.06,0.06,0,0.11,1615,1.78,50,77,323,1615,0.28,10
324,Mark Noble,35,5/8/1987,Midfielder,West Ham United,2308,1147,1161,England,31,15,16,5,2,3,5,4,1,4,0,7,4,3,29,12,17,7,1,0.39,0.19,0.19,0.16,0.23,462,1.13,80,74,289,462,0.31,5
326,Marko Arnautovic,33,4/19/1989,Forward,West Ham United,2000,1083,917,Austria,28,15,13,10,7,3,4,1,3,1,0,5,3,2,31,17,14,3,0,0.63,0.18,0.45,0.58,0.29,200,1.4,65,71,667,500,0.14,1
333,Mateo Vydra,30,5/1/1992,Forward,Burnley,311,91,220,Czech Republic,13,6,7,1,1,0,1,0,1,0,0,1,1,0,4,0,4,1,0,0.58,0.29,0.29,0.99,0,311,1.16,78,24,311,311,0.29,12
336,Mathias Jorgensen,32,4/23/1990,Defender,Huddersfield Town,2148,1248,900,Denmark,24,14,10,3,1,2,1,0,1,0,0,3,2,1,37,21,16,6,0,0.17,0.04,0.13,0.07,0.2,716,1.55,58,90,358,2148,0.25,2
337,Matt Doherty,30,1/16/1992,Defender,Wolverhampton Wanderers,3147,1557,1590,Republic of Ireland,38,19,19,4,1,3,5,4,1,0,0,9,7,2,38,18,20,5,0,0.26,0.14,0.11,0.06,0.17,787,1.09,83,83,629,629,0.14,5
338,Matt Ritchie,33,9/10/1989,Midfielder,Newcastle United,2940,1557,1383,Scotland,36,19,17,2,1,1,8,2,6,1,1,11,5,6,37,21,16,9,0,0.31,0.24,0.06,0.06,0.07,1470,1.13,79,82,327,368,0.28,6
339,Matt Targett,27,9/18/1995,Defender,Southampton,1185,483,702,England,16,7,9,1,1,0,3,2,1,0,0,1,0,1,24,10,14,2,0,0.3,0.23,0.08,0.19,0,1185,1.82,49,74,593,395,0.15,11
344,Max Meyer,27,9/18/1995,Midfielder,Crystal Palace,1414,718,696,Germany,29,18,11,1,0,1,2,0,2,0,0,8,7,1,19,5,14,3,0,0.19,0.13,0.06,0,0.13,1414,1.21,74,49,471,707,0.19,8
347,Mesut Ozil,34,10/15/1988,Midfielder,Arsenal,1741,1139,602,Germany,24,14,10,5,4,1,2,2,0,0,0,6,5,1,23,11,12,2,0,0.36,0.1,0.26,0.32,0.15,348,1.19,76,73,871,871,0.1,4
348,Michael Keane,29,1/11/1993,Defender,Everton,2970,1350,1620,England,33,15,18,1,0,1,2,1,1,0,0,13,8,5,37,15,22,2,0,0.09,0.06,0.03,0,0.06,2970,1.12,80,90,1485,1485,0.06,10
349,Michael Obafemi,22,7/6/2000,Forward,Southampton,134,64,70,Republic of Ireland,6,2,4,1,0,1,1,1,0,0,0,0,0,0,2,2,0,1,0,1.34,0.67,0.67,0,1.29,134,1.34,67,22,134,134,0.67,16
350,Michail Antonio,32,3/28/1990,Midfielder,West Ham United,2099,998,1101,England,33,16,17,6,4,2,4,2,2,0,0,5,3,2,26,10,16,3,0,0.43,0.17,0.26,0.36,0.16,350,1.11,81,64,700,525,0.13,4
352,Michy Batshuayi,29,10/2/1993,Forward,Crystal Palace,756,368,388,Belgium,11,6,5,5,2,3,0,0,0,0,0,3,2,1,11,7,4,0,0,0.6,0,0.6,0.49,0.7,151,1.31,69,69,0,0,0,4
358,Mohamed Salah,30,6/15/1992,Forward,Liverpool,3262,1692,1570,Egypt,38,19,19,22,13,9,8,5,3,3,0,21,12,9,18,8,10,1,0,0.83,0.22,0.61,0.69,0.52,148,0.5,181,86,3262,408,0.03,2
363,N'Golo Kante,31,3/29/1991,Midfielder,Chelsea,3096,1579,1517,France,36,19,17,4,2,2,4,3,1,0,0,15,10,5,37,12,25,3,0,0.23,0.12,0.12,0.11,0.12,774,1.08,84,86,1032,774,0.09,6
364,Naby Keta,27,2/10/1995,Midfielder,Liverpool,1392,729,663,Guinea,25,14,11,2,1,1,1,1,0,0,0,15,10,5,7,4,3,0,0,0.19,0.06,0.13,0.12,0.14,696,0.45,199,56,0,1392,0,9
365,Nacho Monreal,36,2/26/1986,Defender,Arsenal,1861,781,1080,Spain,22,10,12,1,1,0,3,0,3,0,0,6,5,1,21,3,18,5,0,0.19,0.15,0.05,0.12,0,1861,1.02,89,85,372,620,0.24,11
367,Nathan Ake,27,2/18/1995,Defender,AFC Bournemouth,3412,1710,1702,Netherlands,38,19,19,4,3,1,0,0,0,0,0,10,6,4,66,23,43,3,0,0.11,0,0.11,0.16,0.05,853,1.74,52,90,1137,0,0.08,5
368,Nathan Redmond,28,3/6/1994,Midfielder,Southampton,3276,1633,1643,England,38,19,19,6,4,2,4,2,2,0,0,7,3,4,53,22,31,3,0,0.27,0.11,0.16,0.22,0.11,546,1.46,62,86,1092,819,0.08,3
371,Nathaniel Mendez-Laing,30,4/15/1992,Midfielder,Cardiff City,984,442,542,England,20,9,11,4,0,4,1,1,0,1,0,6,3,3,15,8,7,0,0,0.46,0.09,0.37,0,0.66,246,1.37,66,49,0,984,0,5
374,Nemanja Matifa,34,8/1/1988,Midfielder,Manchester United,2441,1051,1390,Serbia,28,12,16,1,1,0,0,0,0,0,0,6,1,5,35,14,21,8,1,0.04,0,0.04,0.09,0,2441,1.29,70,87,305,0,0.29,11
378,Olivier Giroud,36,9/30/1986,Forward,Chelsea,832,446,386,France,27,14,13,2,1,1,4,3,1,0,0,12,7,5,4,1,3,1,0,0.65,0.43,0.22,0.2,0.23,416,0.43,208,31,832,208,0.11,12
379,Oriol Romeu,31,9/24/1991,Midfielder,Southampton,2140,1110,1030,Spain,31,16,15,1,1,0,0,0,0,0,0,6,3,3,32,16,16,11,0,0.04,0,0.04,0.08,0,2140,1.35,67,69,195,0,0.46,9
382,Pascal Gross,31,6/15/1991,Midfielder,Brighton & Hove Albion,1878,993,885,Germany,25,13,12,3,2,1,3,1,2,1,1,3,2,1,31,16,15,1,0,0.29,0.14,0.14,0.18,0.1,626,1.49,61,75,1878,626,0.05,4
383,Patrick van Aanholt,32,8/29/1990,Defender,Crystal Palace,3198,1703,1495,Netherlands,36,19,17,3,2,1,2,0,2,0,0,12,7,5,41,19,22,3,0,0.14,0.06,0.08,0.11,0.06,1066,1.15,78,89,1066,1599,0.08,6
385,Paul Pogba,29,3/15/1993,Midfielder,Manchester United,3011,1517,1494,France,35,18,17,13,10,3,9,4,5,7,3,7,2,5,41,20,21,6,0,0.66,0.27,0.39,0.59,0.18,232,1.23,73,86,502,335,0.18,1
388,Pedro Rodriguez,35,7/28/1987,Midfielder,Chelsea,1780,958,822,Spain,31,15,16,8,6,2,2,2,0,0,0,11,7,4,18,7,11,2,0,0.51,0.1,0.4,0.56,0.22,223,0.91,99,57,890,890,0.1,2
392,Phil Foden,22,5/28/2000,Midfielder,Manchester City,327,279,48,England,13,10,3,1,1,0,0,0,0,0,0,8,6,2,0,0,0,0,0,0.28,0,0.28,0.32,0,327,0,0,25,0,0,0,11
393,Phil Jagielka,40,8/17/1982,Defender,Everton,329,95,234,England,7,3,4,1,1,0,0,0,0,0,0,5,3,2,2,0,2,1,1,0.27,0,0.27,0.95,0,329,0.55,165,47,165,0,0.55,13
395,Philip Billing,26,6/11/1996,Midfielder,Huddersfield Town,2192,1106,1086,Denmark,27,13,14,2,1,1,0,0,0,0,0,5,3,2,41,17,24,7,0,0.08,0,0.08,0.08,0.08,1096,1.68,53,81,313,0,0.29,4
396,Pierre-Emerick Aubameyang,33,6/18/1989,Forward,Arsenal,2731,1418,1313,Gabon,36,19,17,22,13,9,5,4,1,4,1,8,7,1,40,14,26,0,0,0.89,0.16,0.73,0.83,0.62,124,1.32,68,76,0,546,0,1
397,Pierre-Emile Hojbjerg,27,8/5/1995,Midfielder,Southampton,2764,1416,1348,Denmark,31,16,15,4,2,2,3,2,1,0,0,4,1,3,52,23,29,10,2,0.23,0.1,0.13,0.13,0.13,691,1.69,53,89,251,921,0.36,5
398,Rachid Ghezzal,30,5/9/1992,Forward,Leicester City,738,455,283,Algeria,19,12,7,1,1,0,0,0,0,0,0,3,2,1,12,6,6,3,0,0.12,0,0.12,0.2,0,738,1.46,62,39,246,0,0.37,12
399,Raheem Sterling,27,12/8/1994,Forward,Manchester City,2777,1256,1521,England,34,16,18,17,12,5,10,6,4,0,0,18,7,11,19,9,10,3,0,0.88,0.32,0.55,0.86,0.3,163,0.62,146,82,926,278,0.1,2
402,Raul Jiminez,31,5/5/1991,Forward,Wolverhampton Wanderers,3124,1648,1476,Mexico,38,19,19,13,8,5,7,4,3,2,0,9,7,2,39,20,19,4,0,0.58,0.2,0.37,0.44,0.3,240,1.12,80,82,781,446,0.12,1
404,Ricardo Pereira,29,10/6/1993,Defender,Leicester City,3125,1526,1599,Portugal,35,17,18,2,2,0,6,3,3,0,0,10,6,4,40,16,24,7,0,0.23,0.17,0.06,0.12,0,1563,1.15,78,89,446,521,0.2,7
405,Richarlison,25,5/10/1997,Forward,Everton,2679,1283,1396,Brazil,35,17,18,13,7,6,1,1,0,0,0,14,9,5,32,15,17,6,1,0.47,0.03,0.44,0.49,0.39,206,1.08,84,77,383,2679,0.24,1
406,Riyad Mahrez,31,2/21/1991,Midfielder,Manchester City,1339,647,692,Algeria,27,14,13,7,1,6,4,2,2,0,1,13,6,7,9,4,5,0,0,0.74,0.27,0.47,0.14,0.78,191,0.6,149,50,0,335,0,6
409,Robert Kenedy Nunes do Nascimento,26,2/8/1996,Midfielder,Newcastle United,1344,611,733,Brazil,25,13,12,1,0,1,1,1,0,0,1,8,3,5,17,9,8,1,0,0.13,0.07,0.07,0,0.12,1344,1.14,79,54,1344,1344,0.07,9
410,Robert Snodgrass,35,9/7/1987,Midfielder,West Ham United,2222,1108,1114,Scotland,33,16,17,2,1,1,5,4,1,0,0,6,3,3,31,16,15,10,0,0.28,0.2,0.08,0.08,0.08,1111,1.26,72,67,222,444,0.41,8
411,Roberto Firmino,31,10/2/1991,Forward,Liverpool,2620,1347,1273,Brazil,34,16,18,12,7,5,6,3,3,1,0,18,9,9,13,7,6,0,0,0.62,0.21,0.41,0.47,0.35,218,0.45,202,77,0,437,0,3
412,Roberto Pereyra,31,1/7/1991,Forward,Watford,2825,1467,1358,Argentina,33,17,16,6,5,1,1,0,1,0,0,5,3,2,52,27,25,3,0,0.22,0.03,0.19,0.31,0.07,471,1.66,54,86,942,2825,0.1,4
413,Romain Saiss,32,3/26/1990,Midfielder,Wolverhampton Wanderers,1144,544,600,Morocco,19,8,11,2,1,1,0,0,0,0,0,4,3,1,16,6,10,7,0,0.16,0,0.16,0.17,0.15,572,1.26,72,60,163,0,0.55,7
414,Romelu Lukaku,29,5/13/1993,Forward,Manchester United,2130,982,1148,Belgium,32,16,16,12,4,8,0,0,0,0,0,7,2,5,36,14,22,4,0,0.51,0,0.51,0.37,0.63,178,1.52,59,67,533,0,0.17,2
415,Rondon,33,9/16/1989,Forward,Newcastle United,2609,1343,1266,Venezuela,32,16,16,11,6,5,7,5,2,0,0,10,5,5,29,14,15,1,0,0.62,0.24,0.38,0.4,0.36,237,1,90,82,2609,373,0.03,2
416,Ross Barkley,28,12/5/1993,Midfielder,Chelsea,1241,432,809,England,27,11,16,3,1,2,5,2,3,0,0,11,5,6,13,5,8,1,0,0.58,0.36,0.22,0.21,0.22,414,0.94,95,46,1241,248,0.07,7
417,Ruben Loftus-Cheek,26,1/23/1996,Midfielder,Chelsea,983,507,476,England,24,12,12,6,3,3,2,2,0,0,0,12,9,3,8,2,6,0,0,0.73,0.18,0.55,0.53,0.57,164,0.73,123,41,0,492,0,3
418,Ruben Neves,25,3/13/1997,Midfielder,Wolverhampton Wanderers,3009,1451,1558,Portugal,35,17,18,4,3,1,3,2,1,2,0,8,6,2,40,19,21,8,0,0.21,0.09,0.12,0.19,0.06,752,1.2,75,86,376,1003,0.24,3
421,Ryan Bennett,32,3/6/1990,Defender,Wolverhampton Wanderers,3060,1710,1350,England,34,19,15,1,1,0,0,0,0,0,0,9,7,2,36,20,16,12,0,0.03,0,0.03,0.05,0,3060,1.06,85,90,255,0,0.35,10
422,Ryan Bertrand,33,8/5/1989,Defender,Southampton,2160,1170,990,England,24,13,11,1,1,0,0,0,0,0,0,6,3,3,36,15,21,8,0,0.04,0,0.04,0.08,0,2160,1.5,60,90,270,0,0.33,13
423,Ryan Fraser,28,2/24/1994,Midfielder,AFC Bournemouth,3173,1605,1568,Scotland,38,19,19,7,5,2,14,5,9,0,0,10,6,4,61,23,38,2,0,0.6,0.4,0.2,0.28,0.11,453,1.73,52,84,1587,227,0.06,3
424,Ryan Fredericks,30,10/10/1992,Midfielder,West Ham United,1085,404,681,England,15,5,10,1,1,0,0,0,0,0,0,3,2,1,13,1,12,5,0,0.08,0,0.08,0.22,0,1085,1.08,83,72,217,0,0.41,11
425,Ryan Guno Babel,35,12/19/1986,Forward,Fulham,1260,668,592,Netherlands,16,9,7,5,3,2,3,3,0,0,0,3,2,1,24,12,12,3,0,0.57,0.21,0.36,0.4,0.3,252,1.71,53,79,420,420,0.21,3
426,Ryan Sessegnon,22,5/18/2000,Defender,Fulham,2298,1095,1203,England,35,18,17,2,1,1,6,3,3,0,0,4,3,1,58,22,36,0,0,0.31,0.23,0.08,0.08,0.07,1149,2.27,40,66,0,383,0,6
427,Sadio Mane,30,4/10/1992,Forward,Liverpool,3086,1643,1443,Senegal,36,19,17,22,18,4,1,0,1,0,0,20,12,8,18,8,10,2,0,0.67,0.03,0.64,0.99,0.25,140,0.52,171,86,1543,3086,0.06,1
430,Sam Vokes,33,10/21/1989,Forward,Burnley,913,455,458,Wales,20,10,10,3,2,1,0,0,0,0,0,4,2,2,18,9,9,0,0,0.3,0,0.3,0.4,0.2,304,1.77,51,46,0,0,0,3
433,Scott McTominay,25,12/8/1996,Midfielder,Manchester United,861,345,516,England,16,7,9,2,0,2,0,0,0,0,0,3,1,2,17,6,11,1,0,0.21,0,0.21,0,0.35,431,1.78,51,54,861,0,0.1,8
435,Seamus Coleman,34,10/11/1988,Defender,Everton,2560,1333,1227,Republic of Ireland,29,15,14,2,2,0,2,0,2,0,0,13,8,5,29,15,14,1,0,0.14,0.07,0.07,0.14,0,1280,1.02,88,88,2560,1280,0.04,8
436,Sean Longstaff,25,10/30/1997,Midfielder,Newcastle United,688,355,333,England,9,4,5,1,1,0,0,0,0,0,0,3,3,0,8,1,7,2,0,0.13,0,0.13,0.25,0,688,1.05,86,76,344,0,0.26,11
437,Sean Morrison,31,1/8/1991,Defender,Cardiff City,3040,1600,1440,England,34,18,16,1,0,1,3,2,1,0,0,9,4,5,57,34,23,6,0,0.12,0.09,0.03,0,0.06,3040,1.69,53,89,507,1013,0.18,8
440,Sergio Aguero,34,6/2/1988,Forward,Manchester City,2480,1125,1355,Argentina,33,16,17,21,15,6,8,5,3,2,0,19,8,11,15,8,7,3,0,1.05,0.29,0.76,1.2,0.4,118,0.54,165,75,827,310,0.11,1
442,Shane Duffy,30,1/1/1992,Defender,Brighton & Hove Albion,3088,1558,1530,Republic of Ireland,35,18,17,5,2,3,1,1,0,0,0,7,5,2,51,23,28,5,1,0.17,0.03,0.15,0.12,0.18,618,1.49,61,88,515,3088,0.17,2
443,Shane Long,35,1/22/1987,Forward,Southampton,1269,629,640,Republic of Ireland,26,15,11,5,3,2,1,1,0,0,0,5,2,3,20,7,13,3,0,0.43,0.07,0.35,0.43,0.28,254,1.42,63,49,423,1269,0.21,4
445,Shkodran Mustafi,30,4/17/1992,Defender,Arsenal,2617,1263,1354,Germany,31,15,16,2,0,2,0,0,0,0,0,6,5,1,36,12,24,9,0,0.07,0,0.07,0,0.13,1309,1.24,73,84,291,0,0.31,9
447,Sokratis Papastathopoulos,34,6/9/1988,Defender,Arsenal,2199,1119,1080,Greece,25,13,12,1,0,1,2,2,0,0,0,6,6,0,31,9,22,12,0,0.12,0.08,0.04,0,0.08,2199,1.27,71,88,183,1100,0.49,12
448,Solly March,28,7/20/1994,Midfielder,Brighton & Hove Albion,2473,1153,1320,England,35,16,19,1,1,0,5,1,4,0,0,6,4,2,39,13,26,1,0,0.22,0.18,0.04,0.08,0,2473,1.42,63,71,2473,495,0.04,11
449,Souleymane Bamba,37,1/13/1985,Defender,Cardiff City,2475,1260,1215,Ivory Coast,28,14,14,4,2,2,1,1,0,0,0,7,4,3,46,23,23,7,0,0.18,0.04,0.15,0.14,0.15,619,1.67,54,88,354,2475,0.25,4
454,Steve Cook,31,4/19/1991,Defender,AFC Bournemouth,2787,1350,1437,England,31,15,16,1,0,1,1,0,1,0,0,9,6,3,53,17,36,3,0,0.06,0.03,0.03,0,0.06,2787,1.71,53,90,929,2787,0.1,9
455,Steve Mounie,28,9/29/1994,Forward,Huddersfield Town,1777,1009,768,Benin,31,16,15,2,2,0,3,1,2,0,0,5,3,2,34,15,19,2,1,0.25,0.15,0.1,0.18,0,889,1.72,52,57,592,592,0.15,6
458,Stuart Armstrong,30,3/30/1992,Midfielder,Southampton,1432,469,963,Scotland,29,11,18,3,1,2,2,1,1,0,0,4,1,3,23,8,15,2,0,0.31,0.13,0.19,0.19,0.19,477,1.45,62,49,716,716,0.13,6
460,Terence Kongolo,28,2/14/1994,Defender,Huddersfield Town,2722,1405,1317,Netherlands,32,17,15,1,0,1,1,0,1,0,0,4,3,1,62,27,35,4,0,0.07,0.03,0.03,0,0.07,2722,2.05,44,85,681,2722,0.13,10
461,Theo Walcott,33,3/16/1989,Forward,Everton,2122,1114,1008,England,37,19,18,5,3,2,2,2,0,0,0,13,9,4,33,18,15,1,0,0.3,0.08,0.21,0.24,0.18,424,1.4,64,57,2122,1061,0.04,4
465,Tom Cairney,31,1/20/1991,Midfielder,Fulham,2198,1107,1091,Scotland,31,16,15,1,1,0,1,1,0,0,0,4,3,1,49,21,28,0,0,0.08,0.04,0.04,0.08,0,2198,2.01,45,71,0,2198,0,10
466,Tom Cleverley,33,8/12/1989,Midfielder,Watford,470,102,368,England,13,4,9,1,0,1,0,0,0,0,0,4,2,2,7,0,7,2,0,0.19,0,0.19,0,0.24,470,1.34,67,36,235,0,0.38,11
470,Trent Alexander-Arnold,24,10/7/1998,Defender,Liverpool,2467,1266,1201,England,29,15,14,1,0,1,12,8,4,0,0,16,11,5,14,4,10,3,0,0.47,0.44,0.04,0,0.07,2467,0.51,176,85,822,206,0.11,13
471,Troy Deeney,34,6/29/1988,Forward,Watford,2548,1298,1250,England,32,16,16,9,3,6,5,1,4,1,0,5,3,2,43,23,20,5,1,0.49,0.18,0.32,0.21,0.43,283,1.52,59,80,425,510,0.21,2
475,Victor Camarasa,28,5/28/1994,Midfielder,Cardiff City,2579,1267,1312,Spain,32,16,16,5,4,1,4,1,3,1,0,8,4,4,48,25,23,6,0,0.31,0.14,0.17,0.28,0.07,516,1.68,54,81,430,645,0.21,1
476,Victor Lindelof,28,7/17/1994,Defender,Manchester United,2602,1112,1490,Sweden,30,13,17,1,1,0,1,0,1,0,0,6,2,4,38,13,25,1,0,0.07,0.03,0.03,0.08,0,2602,1.31,68,87,2602,2602,0.03,14
478,Victor Wanyama,31,6/25/1991,Midfielder,Tottenham Hotspur,509,302,207,Kenya,13,9,4,1,1,0,0,0,0,0,0,6,4,2,3,3,0,2,0,0.18,0,0.18,0.3,0,509,0.53,170,39,255,0,0.35,11
480,Vincent Kompany,36,4/10/1986,Defender,Manchester City,1223,561,662,Belgium,17,8,9,1,1,0,0,0,0,0,0,7,3,4,7,3,4,6,0,0.07,0,0.07,0.16,0,1223,0.52,175,72,204,0,0.44,12
481,Virgil van Dijk,31,7/8/1991,Defender,Liverpool,3385,1675,1710,Netherlands,38,19,19,4,2,2,2,1,1,0,0,21,12,9,19,8,11,1,0,0.16,0.05,0.11,0.11,0.11,846,0.51,178,89,3385,1693,0.03,6
483,Wes Morgan,38,1/21/1984,Defender,Leicester City,1926,783,1143,Jamaica,22,9,13,3,1,2,0,0,0,0,0,6,3,3,24,9,15,5,2,0.14,0,0.14,0.11,0.16,642,1.12,80,88,385,0,0.23,6
485,Wilfred Ndidi,25,12/16/1996,Midfielder,Leicester City,3299,1624,1675,Nigeria,38,19,19,2,2,0,0,0,0,0,0,10,6,4,42,18,24,8,0,0.05,0,0.05,0.11,0,1650,1.15,79,87,412,0,0.22,9
486,Wilfried Zaha,29,11/10/1992,Midfielder,Crystal Palace,3041,1347,1694,Ivory Coast,34,15,19,10,1,9,5,3,2,0,0,10,5,5,45,18,27,10,1,0.44,0.15,0.3,0.07,0.48,304,1.33,68,89,304,608,0.3,2
487,Will Hughes,27,4/17/1995,Midfielder,Watford,2436,1251,1185,England,32,16,16,2,1,1,4,2,2,0,0,5,3,2,39,19,20,5,0,0.22,0.15,0.07,0.07,0.08,1218,1.44,62,76,487,609,0.18,8
488,Willian,34,8/9/1988,Forward,Chelsea,2108,833,1275,Brazil,32,15,17,3,2,1,6,3,3,0,0,13,7,6,23,6,17,2,0,0.38,0.26,0.13,0.22,0.07,703,0.98,92,66,1054,351,0.09,8
489,Willy Boly,31,2/3/1991,Defender,Wolverhampton Wanderers,3169,1530,1639,France,36,17,19,4,2,2,0,0,0,0,0,8,6,2,38,17,21,3,1,0.11,0,0.11,0.12,0.11,792,1.08,83,88,792,0,0.11,4
491,Xherdan Shaqiri,31,10/10/1991,Midfielder,Liverpool,1058,538,520,Switzerland,24,12,12,6,5,1,3,0,3,0,0,12,7,5,5,3,2,2,0,0.77,0.26,0.51,0.84,0.17,176,0.43,212,44,529,353,0.17,4
492,Yan Valery,23,2/22/1999,Defender,Southampton,1715,1070,645,France,23,13,10,2,1,1,1,1,0,0,0,3,1,2,26,17,9,5,1,0.16,0.05,0.1,0.08,0.14,858,1.36,66,75,343,1715,0.26,7
493,Yerry Mina,28,9/23/1994,Defender,Everton,890,360,530,Colombia,13,6,7,1,0,1,0,0,0,0,0,4,3,1,12,3,9,3,0,0.1,0,0.1,0,0.17,890,1.21,74,68,297,0,0.3,9
494,Yoshinori Muto,30,7/15/1992,Forward,Newcastle United,516,180,336,Japan,17,8,9,1,0,1,0,0,0,0,0,5,1,4,10,3,7,1,0,0.17,0,0.17,0,0.27,516,1.74,52,30,516,0,0.17,8
495,Youri Tielemans,25,5/7/1997,Midfielder,Leicester City,1092,575,517,Belgium,13,7,6,3,2,1,4,2,2,0,0,3,3,0,13,5,8,2,0,0.58,0.33,0.25,0.31,0.17,364,1.07,84,84,546,273,0.16,4
